# ALL STATIC ENTRIES GO HERE.

# Redirects for mistaken people
tbp_candidates@tbp.seas.ucla.edu	candidates@tbp.seas.ucla.edu
tbp_members@tbp.seas.ucla.edu	members@tbp.seas.ucla.edu
tbp_officers@tbp.seas.ucla.edu	officers@tbp.seas.ucla.edu

members@tbp.seas.ucla.edu	wgoodin@tbp.seas.ucla.edu
root@tbp.seas.ucla.edu	webmaster@tbp.seas.ucla.edu
postmaster@tbp.seas.ucla.edu	webmaster@tbp.seas.ucla.edu
#contact mark before removing this
webmaster@tbp.seas.ucla.edu	tbp.webmaster@marktai.com, kushal.nimkar@tbp.seas.ucla.edu
mtai@tbp.seas.ucla.edu	tbp.webmaster@marktai.com
kevintai@tbp.seas.ucla.edu	kevinbtai@gmail.com
#Officer-specific
vp@tbp.seas.ucla.edu	president@tbp.seas.ucla.edu
tutoring@tbp.seas.ucla.edu	president@tbp.seas.ucla.edu, mark@tbp.seas.ucla.edu, kushal.nimkar@tbp.seas.ucla.edu
treasurer@tbp.seas.ucla.edu	president@tbp.seas.ucla.edu, alan.mangosong@tbp.seas.ucla.edu
secretary@tbp.seas.ucla.edu	president@tbp.seas.ucla.edu, kushal.nimkar@tbp.seas.ucla.edu
comm.serv@tbp.seas.ucla.edu	president@tbp.seas.ucla.edu
corporate@tbp.seas.ucla.edu	president@tbp.seas.ucla.edu, alan.mangosong@tbp.seas.ucla.edu
mentorship@tbp.seas.ucla.edu	president@tbp.seas.ucla.edu
social@tbp.seas.ucla.edu	president@tbp.seas.ucla.edu, mark@tbp.seas.ucla.edu, alan.mangosong@tbp.seas.ucla.edu
projects@tbp.seas.ucla.edu	president@tbp.seas.ucla.edu, alan.mangosong@tbp.seas.ucla.edu
historian@tbp.seas.ucla.edu	president@tbp.seas.ucla.edu
academic.outreach@tbp.seas.ucla.edu	president@tbp.seas.ucla.edu, mark@tbp.seas.ucla.edu, kushal.nimkar@tbp.seas.ucla.edu
liaison@tbp.seas.ucla.edu	president@tbp.seas.ucla.edu
publicity@tbp.seas.ucla.edu	tbp.publicity@gmail.com, president@tbp.seas.ucla.edu
member.coord@tbp.seas.ucla.edu	president@tbp.seas.ucla.edu
educ.outreach@tbp.seas.ucla.edu	president@tbp.seas.ucla.edu, mark@tbp.seas.ucla.edu

education.outreach@tbp.seas.ucla.edu	educ.outreach@tbp.seas.ucla.edu
emcc@tbp.seas.ucla.edu	educ.outreach@tbp.seas.ucla.edu
# Members
#officers@tbp.seas.ucla.edu	

# House leaders (non-officers)
officers@tbp.seas.ucla.edu	tbp.webmaster@marktai.com wgoodin@tbp.seas.ucla.edu

# Advisors
#officers@tbp.seas.ucla.edu	svincent777@gmail.com, lpvien@gmail.com, ctran002@ucla.edu, avajid@ucla.edu, alankuo@ucla.edu, chungucla@yahoo.com, frankuo@ucla.edu, spal@ucla.edu, johncc@ucla.edu, timjin@ucla.edu, puiyichong@gmail.com, wgoodin@support.ucla.edu, calvinlee29@gmail.com, jpwyang@gmail.com

wgoodin@tbp.seas.ucla.edu	william.r.goodin@gmail.com

# House leaders
# beta.leaders@tbp.seas.ucla.edu	aambrosiomeir@gmail.com, corydesautels@gmail.com, zoe.xi@ucla.edu, president@tbp.seas.ucla.edu
# epsilon.leaders@tbp.seas.ucla.edu	hannah.j@live.com, rtcothern@gmail.com, aluu2012@gmail.com, president@tbp.seas.ucla.edu
# pi.leaders@tbp.seas.ucla.edu	aazizian24@ucla.edu, wstrickfaden@g.ucla.edu, megweber@gmail.com, president@tbp.seas.ucla.edu
# tau.leaders@tbp.seas.ucla.edu	dani17@ucla.edu, adr2370@gmail.com, patenikh@g.ucla.edu, president@tbp.seas.ucla.edu

house.leaders@tbp.seas.ucla.edu	beta.leaders@tbp.seas.ucla.edu, epsilon.leaders@tbp.seas.ucla.edu, pi.leaders@tbp.seas.ucla.edu, tau.leaders@tbp.seas.ucla.edu, member.coord@tbp.seas.ucla.edu

# Add house leaders to each house list
tau.house@tbp.seas.ucla.edu	president@tbp.seas.ucla.edu
epsilon.house@tbp.seas.ucla.edu	president@tbp.seas.ucla.edu
pi.house@tbp.seas.ucla.edu	president@tbp.seas.ucla.edu
beta.house@tbp.seas.ucla.edu	president@tbp.seas.ucla.edu

tau.candidates@tbp.seas.ucla.edu	tau.leaders@tbp.seas.ucla.edu, president@tbp.seas.ucla.edu
epsilon.candidates@tbp.seas.ucla.edu	epsilon.leaders@tbp.seas.ucla.edu, president@tbp.seas.ucla.edu
pi.candidates@tbp.seas.ucla.edu	pi.leaders@tbp.seas.ucla.edu, president@tbp.seas.ucla.edu
beta.candidates@tbp.seas.ucla.edu	beta.leaders@tbp.seas.ucla.edu, president@tbp.seas.ucla.edu

candidates@tbp.seas.ucla.edu	officers@tbp.seas.ucla.edu, president@tbp.seas.ucla.edu

#old candidate mailing list
#999mgongv8@gmail.com, ahmed.allibhoy@gmail.com, aishakermiche@g.ucla.edu, alex44lim@gmail.com, amichael12@ucla.edu, anandvarma800@gmail.com, anbiswas@ucla.edu, andrewnamgoong105@gmail.com, andrewytan1@gmail.com, andrewzchen.5@gmail.com, argold97@gmail.com, bjtoy@ucla.edu, Bwyatt@g.ucla.edu, Carlos.leal@ucla.edu, carter.wu@ucla.edu, christian.warloe@gmail.com, christopher.chen@aut.com, chuang5679@ucla.edu, emblack@ucla.edu, erickongl@gmail.com, fionaguo19950812@gmail.com, harshsrivastav0@gmail.com, hostmissile@hotmail.com, j.natyy@gmail.com, jais@ucla.edu, jasonyee@g.ucla.edu, johngoodlad@ucla.edu, jonathan.chu96@gmail.com, kyleliangus@gmail.com, ljkhpiou@gmail.com, matthewq4@gmail.com , mattwong949@gmail.com, maxbell@g.ucla.edu, mchen2918@gmail.com, meagan.yuen@ucla.edu, n.kc.wong.123@gmail.com, n.ramani@ucla.edu, nathanhart89@gmail.com, oozgur217@gmail.com, paulsoncatherine2014@gmail.com, petersoo@ucla.edu, x1023_soopeeter@yahoo.com, prathyushk@ucla.edu, sagdied744@las.ch, Sewzt@hotmail.com, shaditorabi@g.ucla.edu, shalinidangi@ucla.edu, suresh.gopikrishnan@gmail.com, U6.30cl@gmail.com, valentinesalander@gmail.com, willie.wu17@gmail.com, yashess@ucla.edu, yoonsung14@ucla.edu, yuwanguo97@yahoo.com, zhanglh.carlos2012@gmail.com, zjing18@ucla.edu, zubinkmishra@yahoo.com



#dist actives
dist.actives@tbp.seas.ucla.edu	officers@tbp.seas.ucla.edu wgoodin@tbp.seas.ucla.edu

#test
#webmaster@tbp.seas.ucla.edu	rtcothern@gmail.com

#test
#mark@tbp.seas.ucla.edu	marktai@ucla.edu
#

# taubetapi@seas.ucla.edu redirects here
board@tbp.seas.ucla.edu	president@tbp.seas.ucla.edu vp@tbp.seas.ucla.edu
