jpatabraham@ucla.edu # Jay Patrick Abraham
eadelman@ucla.edu # Elinore Adelman
ahmedalragabi@yahoo.com # Ahmed Alragabi
jonathx@gmail.com # Jonathan Balcewicz
chinmay.bhoot@yahoo.com # Chinmay Bhoot
samuelbray32@g.ucla.edu # Samuel Bray
alexcai93@gmail.com # Alex Cai
lucioceleste1@yahoo.com # Lucio Celeste
bchang99@g.ucla.edu # Brandon Chang
nico.chaves@yahoo.com # Nico Chaves
wwjdsandie@gmail.com # Sandy Chen
michaelc1618@ucla.edu # Michael Cheng
lukechiang@ucla.edu # Luke Chiang
jzchinn@ucla.edu # James Chinn
derrick.chu@ucla.edu # Derrick Chu
maayancogan@gmail.com # Maayan Cogan
rtcothern@gmail.com # Ray Cothern
alborz.fe@ucla.edu # Alborz Feizi
ntfschr@yahoo.com # Nate Fischer
11rflam@gmail.com # Ryan Flamberg
aringhazari@yahoo.com # Arian Ghazari
mdgoldberg@ucla.edu # Matt Goldberg
rgrant6053@gmail.com # Rob Grant
ran.gross@yahoo.com # Ran Gross
alihajif@ucla.edu # Ali Haji Fathaliyan
rogerrsaur@gmail.com # Roger Ho
philiphong@ucla.edu # Philip Hong
hannah.j@live.com # Hannah  Jin
hunter.jones@engineering.ucla.edu # Hunter Jones
asherk74@gmail.com # Asher Katz
ADKENNEDY.MV@GMAIL.COM # Andrew Kennedy
maximkhat@gmail.com # Max Khatsenko
skhemka@ucla.edu # Sid Khemka
honestykim@gmail.com # Jung Kim
lakshmipathyarjun6@gmail.com # Arjun Lakshmipathy
rlau4545@gmail.com # Roger Lau
eunibin@ucla.edu # Eun Bin Lee
ryanli633@gmail.com # Ryan Li
lixin1405@gmail.com # Xin Li
sliang869@ucla.edu # Simon Liang
luckk@g.ucla.edu # Kevin Luc
kaimatsuka@g.ucla.edu # Kai Matsuka
mcnerney14@gmail.com # Laura McNerney
meeramidha@ucla.edu # Meera Midha
millermw@ucla.edu # Matthew Miller
pratikmishra13@yahoo.com # Pratik Mishra
shadi.mohagheghi@gmail.com # Shadi Mohagheghi
tongmu@ucla.edu # Tong Mu
jennyniusg@g.ucla.edu # Jenny Niu 
alex.nosrat@gmail.com # Alex Nosrat
justinong@ucla.edu # Justin Ong
patenikh@g.ucla.edu # Nikhil Patel
patelsagar72@gmail.com # Sagar  Patel
elliotaplant@gmail.com # Elliot Plant
qiuyanying0408@gmail.com # Joanna Qiu
kren708@ucla.edu # Kevin Ren
a.sanciangco@gmail.com # Alexander Sanciangco
ksand@ucla.edu # Kevin Sand
chris_shaffer@verizon.net # Shaffer Shaffer
dannyshaffer43@yahoo.com # Daniel Shaffer
shen.yingjun@hotmail.com # Peter Shen
ashutosh.shiledar@gmail.com # Ashutosh Shiledar
sameedmsiddiqui@gmail.com # Sameed Siddiqui
ryashka@ucla.edu # Ryan Smolkin
minasouliman@ucla.edu # Mina Souliman
sandeepsrin@gmail.com # Sandeep Srinivasan
tsung93@ucla.edu # Tim Sung
prashanthsw@gmail.com # Prashanth Swaminathan
mtomasek@ucla.edu # Michael Tomasek
ttrinh1994@gmail.com # Tuan Trinh
jeffreywang93@gmail.com # Jeff Wang
kvwwang@ucla.edu # Kevin Wang
Justinwei1991@gmail.com # Justin Wei
denon8wong@gmail.com # Denon Wong
phwoytowitz@gmail.com # Phil, Double L Woytowitz
zhaoyuanxi@ucla.edu # Zoe Xi
benyoung17@ucla.edu # Ben Young
bhnzhang@gmail.com # Bohan  Zhang
kszhang7@ucla.edu # Kevin Zhang
jlhsrayzhang@gmail.com # Tianrui Zhang
dillon_zhi@yahoo.com # Dillon Zhi
mzolghadr@ucla.edu # Maryam  Zolghadr
