# DO NOT CHANGE THIS FILE. ALTERATIONS MADE THROUGH update_email_aliases.py
jai.srivastav@vmailbox	jai.srivastav
keshav@vmailbox	keshav
alexander@vmailbox	alexander
projects@vmailbox	projects
carter@vmailbox	carter
carlos.leal@vmailbox	carlos.leal
willie@vmailbox	willie
inga.hwang@vmailbox	inga.hwang
vincent@vmailbox	vincent
christopher@vmailbox	christopher
liaison@vmailbox	liaison
vp@vmailbox	vp
jahan@vmailbox	jahan
board@vmailbox	board
khaled.wong@vmailbox	khaled.wong
kevin@vmailbox	kevin
raymond@vmailbox	raymond
shalini.dangi@vmailbox	shalini.dangi
max@vmailbox	max
jacob.swing@vmailbox	jacob.swing
education.outreach@vmailbox	education.outreach
academic.outreach@vmailbox	academic.outreach
tau.candidates@vmailbox	tau.candidates
victor@vmailbox	victor
pi.candidates@vmailbox	pi.candidates
patrick.minassians@vmailbox	patrick.minassians
wgoodin@vmailbox	wgoodin
publicity@vmailbox	publicity
sidney.crossley@vmailbox	sidney.crossley
comm.serv@vmailbox	comm.serv
jingjing.nie@vmailbox	jingjing.nie
maxwell@vmailbox	maxwell
dair@vmailbox	dair
connor.hum@vmailbox	connor.hum
alan.mangosong@vmailbox	alan.mangosong
candidates@vmailbox	candidates
vincent.cheng@vmailbox	vincent.cheng
allan@vmailbox	allan
khaled@vmailbox	khaled
tbp_officers@vmailbox	tbp_officers
sohni.thakkar@vmailbox	sohni.thakkar
wei.dong@vmailbox	wei.dong
treasurer@vmailbox	treasurer
patrick@vmailbox	patrick
william.choi@vmailbox	william.choi
yunjing@vmailbox	yunjing
tbp_candidates@vmailbox	tbp_candidates
cal@vmailbox	cal
sahil@vmailbox	sahil
trey@vmailbox	trey
mentorship@vmailbox	mentorship
educ.outreach@vmailbox	educ.outreach
dist.actives@vmailbox	dist.actives
webmaster@vmailbox	webmaster
william.hurley@vmailbox	william.hurley
michael@vmailbox	michael
andrew.namgoong@vmailbox	andrew.namgoong
pi.house@vmailbox	pi.house
connor@vmailbox	connor
thomas@vmailbox	thomas
tau.house@vmailbox	tau.house
jacob@vmailbox	jacob
kyle@vmailbox	kyle
mandy.hung@vmailbox	mandy.hung
xiang@vmailbox	xiang
alex@vmailbox	alex
officers@vmailbox	officers
emcc@vmailbox	emcc
simran@vmailbox	simran
ameet.braganza@vmailbox	ameet.braganza
vincent.cheung@vmailbox	vincent.cheung
jonathan.lee@vmailbox	jonathan.lee
sahil.gandhi@vmailbox	sahil.gandhi
member.coord@vmailbox	member.coord
sohni@vmailbox	sohni
ramya.satish@vmailbox	ramya.satish
kianjer.koh@vmailbox	kianjer.koh
dair.sagdiev@vmailbox	dair.sagdiev
michael.chen@vmailbox	michael.chen
carlos@vmailbox	carlos
jason.yee@vmailbox	jason.yee
epsilon.house@vmailbox	epsilon.house
manav.maroli@vmailbox	manav.maroli
beta.house@vmailbox	beta.house
tutoring@vmailbox	tutoring
kianjer@vmailbox	kianjer
hansen.qiu@vmailbox	hansen.qiu
house.leaders@vmailbox	house.leaders
thomas.horn@vmailbox	thomas.horn
shalini@vmailbox	shalini
hajime@vmailbox	hajime
simran.rajpal@vmailbox	simran.rajpal
nathan@vmailbox	nathan
hansen@vmailbox	hansen
ryan@vmailbox	ryan
linus@vmailbox	linus
kushal@vmailbox	kushal
victor.xue@vmailbox	victor.xue
postmaster@vmailbox	postmaster
corporate@vmailbox	corporate
david.carrillo@vmailbox	david.carrillo
vinya@vmailbox	vinya
john@vmailbox	john
manav@vmailbox	manav
haji@vmailbox	haji
vinya.bhuvan@vmailbox	vinya.bhuvan
william@vmailbox	william
andrew@vmailbox	andrew
kevintai@vmailbox	kevintai
brian@vmailbox	brian
vito@vmailbox	vito
derek.chu@vmailbox	derek.chu
epsilon.candidates@vmailbox	epsilon.candidates
mark.tai@vmailbox	mark.tai
beta.candidates@vmailbox	beta.candidates
max.zhu@vmailbox	max.zhu
daniel@vmailbox	daniel
omar.ozgur@vmailbox	omar.ozgur
secretary@vmailbox	secretary
connor.kenny@vmailbox	connor.kenny
ramya@vmailbox	ramya
wei@vmailbox	wei
brian.lui@vmailbox	brian.lui
alexander.lim@vmailbox	alexander.lim
harsh@vmailbox	harsh
jahan.kuruvillacherian@vmailbox	jahan.kuruvillacherian
simi@vmailbox	simi
john.gorder@vmailbox	john.gorder
sidney@vmailbox	sidney
social@vmailbox	social
keshav.tadimeti@vmailbox	keshav.tadimeti
david@vmailbox	david
president@vmailbox	president
xiang.chen@vmailbox	xiang.chen
ameet@vmailbox	ameet
linus.chen@vmailbox	linus.chen
jonathan@vmailbox	jonathan
raymond.kwan@vmailbox	raymond.kwan
johnny@vmailbox	johnny
members@vmailbox	members
omar@vmailbox	omar
willie.wu@vmailbox	willie.wu
daniel.fong@vmailbox	daniel.fong
alan@vmailbox	alan
nathan.zhang@vmailbox	nathan.zhang
jennie@vmailbox	jennie
mandy@vmailbox	mandy
jai@vmailbox	jai
mtai@vmailbox	mtai
jason@vmailbox	jason
vito.canuso@vmailbox	vito.canuso
kushal.nimkar@vmailbox	kushal.nimkar
xiaoxu@vmailbox	xiaoxu
harsh.srivastav@vmailbox	harsh.srivastav
maxwell.wang@vmailbox	maxwell.wang
hajime.hayano@vmailbox	hajime.hayano
tbp_members@vmailbox	tbp_members
derek@vmailbox	derek
xiaoxu.wu@vmailbox	xiaoxu.wu
mark@vmailbox	mark
haoyu@vmailbox	haoyu
kevin.lian@vmailbox	kevin.lian
jingjing@vmailbox	jingjing
yunjing.zheng@vmailbox	yunjing.zheng
haoyu.yun@vmailbox	haoyu.yun
inga@vmailbox	inga
historian@vmailbox	historian
liam@vmailbox	liam
root@vmailbox	root
christopher.chen@vmailbox	christopher.chen

